{
  "italy": "it-IT",
  "italian": "it-IT",
  "germany": "de-DE",
  "german": "de-DE",
  "france": "fr-FR",
  "french": "fr-FR",
  "spain": "es-ES",
  "spanish": "es-XL",
  "spanish (international)": "es-XL",
  "spanish (spain)": "es-ES",
  "japan": "ja-JP",
  "japanese": "ja-JP",
  "uk": "en-GB",
  "united kingdom": "en-GB",
  "gb": "en-GB",
  "us": "en-US",
  "usa": "en-US",
  "united states": "en-US",
  "canada": "en-CA",
  "canada (english)": "en-CA",
  "canada (french)": "fr-CA",
  "mexico": "es-MX",
  "brazil": "pt-BR",
  "portugal": "pt-PT",
  "netherlands": "nl-NL",
  "dutch": "nl-NL",
  "belgium (dutch)": "nl-BE",
  "belgium (flemish)": "nl-BE",
  "belgium (french)": "fr-BE",
  "switzerland (german)": "de-CH",
  "switzerland (french)": "fr-CH",
  "switzerland (italian)": "it-CH",
  "sweden": "sv-SE",
  "swedish": "sv-SE",
  "norway": "no-NO",
  "norwegian": "no-NO",
  "denmark": "da-DK",
  "danish": "da-DK",
  "finland": "fi-FI",
  "finnish": "fi-FI",
  "poland": "pl-PL",
  "polish": "pl-PL",
  "russia": "ru-RU",
  "russian": "ru-RU",
  "china": "zh-CN",
  "chinese (simplified)": "zh-CN",
  "taiwan": "zh-TW",
  "chinese (traditional)": "zh-TW",
  "hong kong": "zh-HK",
  "cantonese": "zh-HK",
  "india": "en-IN",
  "hindi": "hi-IN",
  "korea": "ko-KR",
  "south korea": "ko-KR",
  "korean": "ko-KR",
  "turkey": "tr-TR",
  "turkish": "tr-TR",
  "greece": "el-GR",
  "greek": "el-GR",
  "israel": "he-IL",
  "hebrew": "he-IL",
  "egypt": "ar-EG",
  "saudi arabia": "ar-SA",
  "uae": "ar-AE",
  "arabic": "ar-XA",
  "arabic (international)": "ar-XA",
  "australia": "en-AU",
  "new zealand": "en-NZ",
  "ireland": "en-IE",
  "south africa": "en-ZA",
  "argentina": "es-AR",
  "chile": "es-CL",
  "colombia": "es-CO",
  "thailand": "th-TH",
  "thai": "th-TH",
  "vietnam": "vi-VN",
  "vietnamese": "vi-VN",
  "philippines": "en-PH",
  "malaysia": "ms-MY",
  "malay": "ms-MY",
  "singapore": "en-SG",
  "indonesia": "id-ID",
  "indonesian": "id-ID",
  "pakistan": "ur-PK",
  "urdu": "ur-PK",
  "bangladesh": "bn-BD",
  "bengali": "bn-BD",
  "iran": "fa-IR",
  "farsi": "fa-IR"
}